ID	condition-0	condition-1	condition-2	condition-3	condition-4	condition-5	condition-6	condition-7	condition-8	condition-9
init_TGFb	0.2	0.7000000000000001	1.0	0.8	0.0	0.5	0.7000000000000001	0.4	0.8	0.2
init_S2	15.620953943437847	15.69528379929245	52.18542628788728	32.03090459145368	7.450060960160152	21.00290128170963	199.5565044238145	84.20455408039867	18.05151389494931	71.7164905913383
init_S3	271.1964455824792	42.603565447692986	72.16670656747254	57.079550183532945	26.202396679598788	20.40835087017374	15.189716190263939	37.9560876279689	10.659180179675728	9.340474722175802
init_S4	70.70546924937605	29.36504806922246	33.20123372433831	50.050128175741136	20.953241056626894	15.857917618572857	613.0938329795247	7.675067329167512	34.26076299151469	3.568363985700004
