ID	condition-0	condition-1	condition-2	condition-3	condition-4	condition-5	condition-6	condition-7	condition-8	condition-9
init_TGFb	0.2571889245039021	1.5438136253166599	1.0660639027425558	3.983960594008234	0.05593488665728968	0.17124841800849133	2.4257380402556286	0.0688752459353743	0.6926256499638759	0.2739994918450921
init_S2	359.1685953238372	447.62948212836193	67.86244296075259	10.085394608429757	15.484799835738503	69.37982132437249	33.063871090584314	11.38416022737851	18.798739122710792	32.27673635010323
init_S3	11.500456276291747	218.56595253490377	16.308661401990946	92.95907330880559	246.89247786875632	64.99769243139494	22.62696613918028	79.34666274261669	43.76351091623526	17.98603696296567
init_S4	3.385677044562025	158.46130605136926	20.879131394290603	104.73708769151347	36.4879860824429	22.380703905412457	52.5677801244622	14.850926149287583	67.44330558516832	8.846892169888335
